Id,RiskLevel
71,Mid Risk
141,Mid Risk
918,Low Risk
491,Mid Risk
878,Low Risk
663,Low Risk
274,High Risk
947,Low Risk
762,Mid Risk
863,Mid Risk
412,Mid Risk
467,High Risk
558,Low Risk
427,Low Risk
640,High Risk
668,Low Risk
545,Low Risk
423,Mid Risk
1003,High Risk
554,High Risk
834,High Risk
461,Low Risk
139,Mid Risk
13,Mid Risk
37,Low Risk
976,High Risk
251,Mid Risk
150,Low Risk
500,High Risk
292,Mid Risk
129,High Risk
991,High Risk
887,Mid Risk
763,Mid Risk
893,Low Risk
180,Low Risk
786,Mid Risk
246,Low Risk
155,Low Risk
428,High Risk
30,Low Risk
848,Low Risk
869,Mid Risk
649,Mid Risk
366,Low Risk
51,Low Risk
331,Mid Risk
725,Mid Risk
211,Low Risk
483,Low Risk
516,Low Risk
825,Low Risk
620,Low Risk
581,Low Risk
787,High Risk
38,Low Risk
125,High Risk
604,High Risk
254,High Risk
892,Low Risk
815,Low Risk
858,Mid Risk
404,Mid Risk
666,Low Risk
157,High Risk
562,Low Risk
769,Mid Risk
470,Mid Risk
969,High Risk
329,High Risk
149,High Risk
1013,Mid Risk
238,High Risk
592,Low Risk
518,Low Risk
121,High Risk
956,High Risk
148,Low Risk
577,Low Risk
809,Mid Risk
999,High Risk
394,Mid Risk
962,High Risk
874,Mid Risk
526,Low Risk
108,High Risk
65,Mid Risk
977,High Risk
280,Low Risk
992,High Risk
166,High Risk
818,High Risk
891,Mid Risk
986,High Risk
965,High Risk
729,Mid Risk
538,High Risk
151,Low Risk
603,High Risk
842,Mid Risk
642,Mid Risk
778,Mid Risk
531,Low Risk
591,Low Risk
462,Mid Risk
859,Mid Risk
321,Low Risk
340,Mid Risk
985,High Risk
830,Low Risk
911,Low Risk
248,High Risk
241,High Risk
120,High Risk
479,Low Risk
996,High Risk
319,High Risk
234,High Risk
295,High Risk
355,Low Risk
953,Low Risk
896,Low Risk
480,Low Risk
777,Mid Risk
907,Low Risk
342,Mid Risk
60,Low Risk
692,Low Risk
951,Low Risk
387,Mid Risk
944,Low Risk
994,High Risk
563,High Risk
720,Mid Risk
406,Mid Risk
209,Low Risk
522,Mid Risk
797,Mid Risk
130,High Risk
350,Mid Risk
240,Mid Risk
628,Low Risk
556,Mid Risk
528,Low Risk
920,Mid Risk
995,High Risk
383,Mid Risk
639,Mid Risk
255,Low Risk
669,Low Risk
156,Low Risk
821,Mid Risk
744,Mid Risk
573,Low Risk
154,Low Risk
758,Mid Risk
424,Mid Risk
466,Low Risk
696,Low Risk
10,Low Risk
167,High Risk
487,Low Risk
779,Mid Risk
732,Mid Risk
937,Low Risk
919,Low Risk
638,High Risk
431,High Risk
574,Low Risk
323,Mid Risk
94,Mid Risk
812,Low Risk
152,High Risk
369,High Risk
990,High Risk
161,Low Risk
217,High Risk
197,Low Risk
6,Mid Risk
372,High Risk
544,Mid Risk
503,High Risk
851,Mid Risk
219,Low Risk
440,High Risk
78,Mid Risk
377,Low Risk
421,Low Risk
216,Mid Risk
411,Mid Risk
683,High Risk
966,High Risk
790,Mid Risk
205,High Risk
876,Low Risk
232,High Risk
819,High Risk
430,Mid Risk
760,Mid Risk
690,Low Risk
794,Mid Risk
298,Low Risk
7,High Risk
